checkpoint_error,checkpoint_loadable,completed_5000,estimated_remaining_25000_min,gaussian_count_final,gaussian_exploded,gpu_total_memory_mb,memory_fast_growth_4000_5000,memory_samples_4000_5000,nan_or_inf,oom,pass_gate,peak_allocated_mb,peak_allocated_ratio,peak_reserved_mb,recent_iter_time_median_ms,returncode,role,scene,stop_gate,trace_path
,True,True,77.64,109627,False,24563.0,False,"[[4000, 9564.39599609375], [4100, 9564.39599609375], [4200, 9564.39599609375], [4300, 9564.39599609375], [4400, 9564.39599609375], [4500, 9564.39599609375], [4600, 9571.68896484375], [4700, 9571.68896484375], [4800, 9571.68896484375], [4900, 9586.08984375], [5000, 9586.08984375]]",False,False,True,9586.09,0.3903,10644.0,186.326,0,H,self_Steam_Locomotive,False,G:\wl3dgs\Improved_GS-W\reports\two_scene_benchmark\pilot_traces\P-H.csv
,True,True,94.62,317365,False,24563.0,False,"[[4000, 14224.36767578125], [4100, 14224.36767578125], [4200, 14244.0859375], [4300, 14244.0859375], [4400, 14244.0859375], [4500, 14244.0859375], [4600, 14244.0859375], [4700, 14244.0859375], [4800, 14244.0859375], [4900, 14244.0859375], [5000, 14244.0859375]]",False,False,True,14244.086,0.5799,20926.0,227.092,0,M,web_Terrestrial,False,G:\wl3dgs\Improved_GS-W\reports\two_scene_benchmark\pilot_traces\P-M.csv
