lpips_max,lpips_mean,lpips_min,lpips_range,lpips_sample_std,method,n,psnr_max,psnr_mean,psnr_min,psnr_range,psnr_sample_std,scene_group,ssim_max,ssim_mean,ssim_min,ssim_range,ssim_sample_std
0.30260748863220216,0.30174446627497675,0.3008814439177513,0.0017260447144508695,0.001220497922219408,official_3dgs,2,20.708455085754395,20.68008909225464,20.651723098754882,0.05673198699951243,0.0401155727175423,H,0.6709448516368866,0.670472702383995,0.6700005531311035,0.0009442985057830366,0.0006677198769035094
0.5012504667043686,0.5007441118359566,0.5002377569675446,0.0010127097368239912,0.000716093922281888,gsw_strict_intrinsic,2,19.947747230529785,19.90385103225708,19.859954833984375,0.08779239654541016,0.06207859893387795,H,0.6516539931297303,0.6511818051338196,0.650709617137909,0.0009443759918212891,0.000667774667806605
0.41319557651877403,0.4061685448719395,0.3998478989427288,0.013347677576045214,0.006701817645613927,official_3dgs,3,20.86680579185486,20.765279187096493,20.599539677302044,0.26726611455281457,0.14474207016938387,M,0.7743755082289377,0.7710454960664114,0.766536665459474,0.007838842769463783,0.004050194277408957
1.044064390162627,0.6988490242511034,0.5178755490730206,0.5261888410896064,0.2990823015920156,gsw_strict_intrinsic,3,19.216015577316284,15.036660075187681,7.014448444048564,12.20156713326772,6.949476062849274,M,0.7403929059704145,0.4904637250316834,0.004705206954289072,0.7356876990161254,0.42073828541310127
0.5306380540132523,0.526439314087232,0.5233048349618912,0.007333219051361084,0.0037806763551920916,official_3dgs,3,12.383015155792236,11.970663865407309,11.302783012390137,1.0802321434020996,0.5836924609278782,Trackmobile,0.3867306262254715,0.3515005111694336,0.32873207330703735,0.05799855291843414,0.030942334818448946
0.6461690962314606,0.6361653407414755,0.6267451345920563,0.019423961639404297,0.009725120503979305,gsw_strict_intrinsic,3,12.88880729675293,12.6444730758667,12.440200805664062,0.4486064910888672,0.226970627793989,Trackmobile,0.44398827850818634,0.43471554418404895,0.4251989275217056,0.018789350986480713,0.009397049354422777
